Month,Revenue,Expenses,Budget_Revenue,Budget_Expenses,Department,Notes,Revenue_Variance,Revenue_Variance_Pct,Expenses_Variance,Expenses_Variance_Pct
Jan,120000,80000,115000,75000,Sales,,5000,4.3478260869565215,5000,6.666666666666667
Feb,130000,85000,125000,80000,Sales,,5000,4.0,5000,6.25
Mar,125000,90000,120000,85000,Marketing,,5000,4.166666666666666,5000,5.88235294117647
Apr,140000,95000,135000,90000,Marketing,,5000,3.7037037037037033,5000,5.555555555555555
